{
    "openapi": "3.0.0",
    "info": {
        "title": "Leverpay.io API Documentation",
        "description": "Crypto payment gateway",
        "contact": {
            "email": "abdilkura@gmail.com"
        },
        "version": "1.0.0"
    },
    "servers": [
        {
            "url": "http://localhost:8000",
            "description": "Test server"
        }
    ],
    "paths": {
        "/api/admin-dashboard/activity-logs": {
            "get": {
                "tags": [
                    "AdminDashboard"
                ],
                "summary": "Get authenticated user logs",
                "operationId": "get authenticated user logs",
                "responses": {
                    "200": {
                        "description": "Success"
                    }
                },
                "security": [
                    {
                        "api_key": []
                    }
                ]
            }
        },
        "/api/user/payment-option": {
            "post": {
                "tags": [
                    "Payment Option"
                ],
                "summary": "Create new payment option",
                "operationId": "create payment option",
                "parameters": [
                    {
                        "name": "name",
                        "in": "query",
                        "required": true,
                        "schema": {
                            "type": "string"
                        }
                    },
                    {
                        "name": "icon",
                        "in": "query",
                        "required": true,
                        "schema": {
                            "type": "string"
                        }
                    }
                ],
                "responses": {
                    "200": {
                        "description": "Success",
                        "content": {
                            "application/json": {}
                        }
                    },
                    "401": {
                        "description": "Unauthenticated"
                    },
                    "400": {
                        "description": "Bad Request"
                    },
                    "404": {
                        "description": "not found"
                    },
                    "403": {
                        "description": "Forbidden"
                    }
                },
                "security": [
                    {
                        "api_key": []
                    }
                ]
            }
        },
        "/api/user/login": {
            "post": {
                "tags": [
                    "Authentication"
                ],
                "summary": "User",
                "operationId": "user login",
                "parameters": [
                    {
                        "name": "email",
                        "in": "query",
                        "required": true,
                        "schema": {
                            "type": "string"
                        }
                    },
                    {
                        "name": "password",
                        "in": "query",
                        "required": true,
                        "schema": {
                            "type": "string"
                        }
                    }
                ],
                "responses": {
                    "200": {
                        "description": "Success",
                        "content": {
                            "application/json": {}
                        }
                    },
                    "401": {
                        "description": "Unauthenticated"
                    },
                    "400": {
                        "description": "Bad Request"
                    },
                    "404": {
                        "description": "not found"
                    },
                    "403": {
                        "description": "Forbidden"
                    }
                }
            }
        },
        "/api/merchants/logout": {
            "get": {
                "tags": [
                    "Authentication"
                ],
                "summary": "Logout",
                "operationId": "logout",
                "responses": {
                    "200": {
                        "description": "Success",
                        "content": {
                            "application/json": {}
                        }
                    },
                    "401": {
                        "description": "Unauthenticated"
                    },
                    "400": {
                        "description": "Bad Request"
                    },
                    "404": {
                        "description": "not found"
                    },
                    "403": {
                        "description": "Forbidden"
                    }
                },
                "security": [
                    {
                        "api_key": []
                    }
                ]
            }
        },
        "/api/currencies": {
            "post": {
                "tags": [
                    "Currencies"
                ],
                "summary": "create multiple currency",
                "operationId": "create multiple currency",
                "parameters": [
                    {
                        "name": "name",
                        "in": "query",
                        "required": true,
                        "schema": {
                            "type": "string"
                        }
                    },
                    {
                        "name": "currency_code",
                        "in": "query",
                        "required": true,
                        "schema": {
                            "type": "string"
                        }
                    }
                ],
                "responses": {
                    "200": {
                        "description": "Success",
                        "content": {
                            "application/json": {}
                        }
                    },
                    "401": {
                        "description": "Unauthenticated"
                    },
                    "400": {
                        "description": "Bad Request"
                    },
                    "404": {
                        "description": "not found"
                    },
                    "403": {
                        "description": "Forbidden"
                    }
                },
                "security": [
                    {
                        "api_key": []
                    }
                ]
            }
        },
        "/api/merchants/": {
            "get": {
                "tags": [
                    "Merchants"
                ],
                "summary": "Get all merchants",
                "operationId": "get all merchants",
                "responses": {
                    "200": {
                        "description": "Success"
                    }
                },
                "security": [
                    {
                        "api_key": []
                    }
                ]
            }
        },
        "/api/merchants/get/{id}": {
            "get": {
                "tags": [
                    "Merchants"
                ],
                "summary": "Get a merchant",
                "operationId": "get a merchant",
                "parameters": [
                    {
                        "name": "id",
                        "in": "path",
                        "required": true,
                        "schema": {
                            "type": "string"
                        }
                    }
                ],
                "responses": {
                    "200": {
                        "description": "Success"
                    }
                },
                "security": [
                    {
                        "api_key": []
                    }
                ]
            }
        },
        "/api/user/register": {
            "post": {
                "tags": [
                    "User"
                ],
                "summary": "Create a new merchant account",
                "operationId": "create a new merchant",
                "parameters": [
                    {
                        "name": "name",
                        "in": "query",
                        "required": true,
                        "schema": {
                            "type": "string"
                        }
                    },
                    {
                        "name": "address",
                        "in": "query",
                        "required": true,
                        "schema": {
                            "type": "string"
                        }
                    },
                    {
                        "name": "email",
                        "in": "query",
                        "required": false,
                        "schema": {
                            "type": "string"
                        }
                    },
                    {
                        "name": "phone",
                        "in": "query",
                        "required": true,
                        "schema": {
                            "type": "string"
                        }
                    },
                    {
                        "name": "password",
                        "in": "query",
                        "required": false,
                        "schema": {
                            "type": "string"
                        }
                    },
                    {
                        "name": "state",
                        "in": "query",
                        "required": false,
                        "schema": {
                            "type": "string"
                        }
                    },
                    {
                        "name": "city",
                        "in": "query",
                        "required": false,
                        "schema": {
                            "type": "string"
                        }
                    }
                ],
                "responses": {
                    "200": {
                        "description": "Success",
                        "content": {
                            "application/json": {}
                        }
                    },
                    "401": {
                        "description": "Unauthenticated"
                    },
                    "400": {
                        "description": "Bad Request"
                    },
                    "404": {
                        "description": "not found"
                    },
                    "403": {
                        "description": "Forbidden"
                    }
                },
                "security": [
                    {
                        "api_key": []
                    }
                ]
            }
        },
        "/api/user/update-merchant-profile/{id}": {
            "patch": {
                "tags": [
                    "User"
                ],
                "summary": "Update merchant profile",
                "operationId": "update merchant profile",
                "parameters": [
                    {
                        "name": "name",
                        "in": "query",
                        "required": true,
                        "schema": {
                            "type": "string"
                        }
                    },
                    {
                        "name": "address",
                        "in": "query",
                        "required": true,
                        "schema": {
                            "type": "string"
                        }
                    },
                    {
                        "name": "email",
                        "in": "query",
                        "required": false,
                        "schema": {
                            "type": "string"
                        }
                    },
                    {
                        "name": "phone",
                        "in": "query",
                        "required": true,
                        "schema": {
                            "type": "string"
                        }
                    },
                    {
                        "name": "state",
                        "in": "query",
                        "required": false,
                        "schema": {
                            "type": "string"
                        }
                    },
                    {
                        "name": "city",
                        "in": "query",
                        "required": false,
                        "schema": {
                            "type": "string"
                        }
                    }
                ],
                "responses": {
                    "200": {
                        "description": "Success",
                        "content": {
                            "application/json": {}
                        }
                    },
                    "401": {
                        "description": "Unauthenticated"
                    },
                    "400": {
                        "description": "Bad Request"
                    },
                    "404": {
                        "description": "not found"
                    },
                    "403": {
                        "description": "Forbidden"
                    }
                },
                "security": [
                    {
                        "api_key": []
                    }
                ]
            }
        }
    },
    "components": {
        "securitySchemes": {
            "api_key": {
                "type": "apiKey",
                "name": "Authorization",
                "in": "header"
            }
        }
    },
    "security": [
        {
            "passport": {
                "type": "oauth2",
                "description": "Laravel passport oauth2 security.",
                "in": "header",
                "scheme": "https",
                "flows": {
                    "password": {
                        "authorizationUrl": "http://localhost:8000/oauth/authorize",
                        "tokenUrl": "http://localhost:8000/oauth/token",
                        "refreshUrl": "http://localhost:8000/token/refresh",
                        "scopes": []
                    }
                }
            }
        }
    ]
}